"Target","FileName","Path","Lines"
"PeerRouter","PeerRouter.java","C:\Users\ragha\Documents\Anti-grav\aryntra-pravah\src\main\java\com\aryntra\pravah\peer\PeerRouter.java","163"
"PeerRouter","PeerRouterTest.java","C:\Users\ragha\Documents\Anti-grav\aryntra-pravah\src\test\java\com\aryntra\pravah\peer\PeerRouterTest.java","131"
"CompositeTransport","CompositeTransport.java","C:\Users\ragha\Documents\Anti-grav\aryntra-pravah\src\main\java\com\aryntra\pravah\transport\CompositeTransport.java","237"
"CompositeTransport","CompositeTransportTest.java","C:\Users\ragha\Documents\Anti-grav\aryntra-pravah\src\test\java\com\aryntra\pravah\transport\CompositeTransportTest.java","157"
"PathSelectionPolicy","PathSelectionPolicy.java","C:\Users\ragha\Documents\Anti-grav\aryntra-pravah\src\main\java\com\aryntra\pravah\connectivity\PathSelectionPolicy.java","87"
"Transport","AndroidBluetoothRfcommTransport.kt","C:\Users\ragha\Documents\Anti-grav\aryntra-pravah\android\app\src\main\java\com\aryntra\pravah\android\bluetooth\AndroidBluetoothRfcommTransport.kt","250"
"Transport","BluetoothRfcommTransport.java","C:\Users\ragha\Documents\Anti-grav\aryntra-pravah\src\main\java\com\aryntra\pravah\transport\bluetooth\BluetoothRfcommTransport.java","269"
"Transport","TcpTransport.java","C:\Users\ragha\Documents\Anti-grav\aryntra-pravah\src\main\java\com\aryntra\pravah\transport\tcp\TcpTransport.java","295"
"Transport","CompositeTransport.java","C:\Users\ragha\Documents\Anti-grav\aryntra-pravah\src\main\java\com\aryntra\pravah\transport\CompositeTransport.java","237"
"Transport","Transport.java","C:\Users\ragha\Documents\Anti-grav\aryntra-pravah\src\main\java\com\aryntra\pravah\transport\Transport.java","23"
"Transport","TransportCapabilities.java","C:\Users\ragha\Documents\Anti-grav\aryntra-pravah\src\main\java\com\aryntra\pravah\transport\TransportCapabilities.java","69"
"Transport","TransportListener.java","C:\Users\ragha\Documents\Anti-grav\aryntra-pravah\src\main\java\com\aryntra\pravah\transport\TransportListener.java","33"
"Transport","BluetoothRfcommTransportTest.java","C:\Users\ragha\Documents\Anti-grav\aryntra-pravah\src\test\java\com\aryntra\pravah\transport\bluetooth\BluetoothRfcommTransportTest.java","155"
"Transport","TcpTransportLifecycleTest.java","C:\Users\ragha\Documents\Anti-grav\aryntra-pravah\src\test\java\com\aryntra\pravah\transport\tcp\TcpTransportLifecycleTest.java","79"
"Transport","TcpTransportTest.java","C:\Users\ragha\Documents\Anti-grav\aryntra-pravah\src\test\java\com\aryntra\pravah\transport\tcp\TcpTransportTest.java","386"
"Transport","CompositeTransportTest.java","C:\Users\ragha\Documents\Anti-grav\aryntra-pravah\src\test\java\com\aryntra\pravah\transport\CompositeTransportTest.java","157"
"Transport","TransportCapabilitiesTest.java","C:\Users\ragha\Documents\Anti-grav\aryntra-pravah\src\test\java\com\aryntra\pravah\transport\TransportCapabilitiesTest.java","103"
"Transport","TransportContractVerificationTest.java","C:\Users\ragha\Documents\Anti-grav\aryntra-pravah\src\test\java\com\aryntra\pravah\transport\TransportContractVerificationTest.java","68"
"TransportListener","TransportListener.java","C:\Users\ragha\Documents\Anti-grav\aryntra-pravah\src\main\java\com\aryntra\pravah\transport\TransportListener.java","33"
"ConnectivityPath","ConnectivityPath.java","C:\Users\ragha\Documents\Anti-grav\aryntra-pravah\src\main\java\com\aryntra\pravah\connectivity\ConnectivityPath.java","90"
"ConnectivityPath","ConnectivityPathLifecycleTest.java","C:\Users\ragha\Documents\Anti-grav\aryntra-pravah\src\test\java\com\aryntra\pravah\connectivity\ConnectivityPathLifecycleTest.java","165"
"PathId","PathId.java","C:\Users\ragha\Documents\Anti-grav\aryntra-pravah\src\main\java\com\aryntra\pravah\connectivity\PathId.java","48"
"PathState","PathState.java","C:\Users\ragha\Documents\Anti-grav\aryntra-pravah\src\main\java\com\aryntra\pravah\connectivity\PathState.java","14"
"PeerConnectivityRegistry","PeerConnectivityRegistry.java","C:\Users\ragha\Documents\Anti-grav\aryntra-pravah\src\main\java\com\aryntra\pravah\connectivity\PeerConnectivityRegistry.java","106"
"TcpTransport","TcpTransport.java","C:\Users\ragha\Documents\Anti-grav\aryntra-pravah\src\main\java\com\aryntra\pravah\transport\tcp\TcpTransport.java","295"
"TcpTransport","TcpTransportLifecycleTest.java","C:\Users\ragha\Documents\Anti-grav\aryntra-pravah\src\test\java\com\aryntra\pravah\transport\tcp\TcpTransportLifecycleTest.java","79"
"TcpTransport","TcpTransportTest.java","C:\Users\ragha\Documents\Anti-grav\aryntra-pravah\src\test\java\com\aryntra\pravah\transport\tcp\TcpTransportTest.java","386"
"BluetoothRfcomm","AndroidBluetoothRfcommTransport.kt","C:\Users\ragha\Documents\Anti-grav\aryntra-pravah\android\app\src\main\java\com\aryntra\pravah\android\bluetooth\AndroidBluetoothRfcommTransport.kt","250"
"BluetoothRfcomm","BluetoothRfcommTransport.java","C:\Users\ragha\Documents\Anti-grav\aryntra-pravah\src\main\java\com\aryntra\pravah\transport\bluetooth\BluetoothRfcommTransport.java","269"
"BluetoothRfcomm","BluetoothRfcommTransportTest.java","C:\Users\ragha\Documents\Anti-grav\aryntra-pravah\src\test\java\com\aryntra\pravah\transport\bluetooth\BluetoothRfcommTransportTest.java","155"
"AndroidBluetooth","AndroidBluetoothRfcommTransport.kt","C:\Users\ragha\Documents\Anti-grav\aryntra-pravah\android\app\src\main\java\com\aryntra\pravah\android\bluetooth\AndroidBluetoothRfcommTransport.kt","250"
"ProtocolSession","ProtocolSessionManager.java","C:\Users\ragha\Documents\Anti-grav\aryntra-pravah\src\main\java\com\aryntra\pravah\protocol\ProtocolSessionManager.java","110"
"ProtocolSession","ProtocolSessionManagerTest.java","C:\Users\ragha\Documents\Anti-grav\aryntra-pravah\src\test\java\com\aryntra\pravah\protocol\ProtocolSessionManagerTest.java","139"
"MessagingManager","PravahAndroidMessagingManager.kt","C:\Users\ragha\Documents\Anti-grav\aryntra-pravah\android\app\src\main\java\com\aryntra\pravah\android\PravahAndroidMessagingManager.kt","215"
"ApplicationMessaging","ApplicationMessagingService.java","C:\Users\ragha\Documents\Anti-grav\aryntra-pravah\src\main\java\com\aryntra\pravah\messaging\ApplicationMessagingService.java","35"
"ApplicationMessaging","DefaultApplicationMessagingService.java","C:\Users\ragha\Documents\Anti-grav\aryntra-pravah\src\main\java\com\aryntra\pravah\messaging\DefaultApplicationMessagingService.java","411"
"ApplicationMessaging","ApplicationMessagingIntegrationTest.java","C:\Users\ragha\Documents\Anti-grav\aryntra-pravah\src\test\java\com\aryntra\pravah\messaging\ApplicationMessagingIntegrationTest.java","116"
"ApplicationMessaging","DefaultApplicationMessagingServiceTest.java","C:\Users\ragha\Documents\Anti-grav\aryntra-pravah\src\test\java\com\aryntra\pravah\messaging\DefaultApplicationMessagingServiceTest.java","128"
"Discovery","PravahAndroidDiscoveryManager.kt","C:\Users\ragha\Documents\Anti-grav\aryntra-pravah\android\app\src\main\java\com\aryntra\pravah\android\PravahAndroidDiscoveryManager.kt","106"
"Discovery","PravahAndroidDiscoveryTest.kt","C:\Users\ragha\Documents\Anti-grav\aryntra-pravah\android\app\src\test\java\com\aryntra\pravah\android\PravahAndroidDiscoveryTest.kt","156"
"Discovery","BluetoothPeerDiscovery.java","C:\Users\ragha\Documents\Anti-grav\aryntra-pravah\src\main\java\com\aryntra\pravah\peer\discovery\bluetooth\BluetoothPeerDiscovery.java","95"
"Discovery","DiscoveryPacket.java","C:\Users\ragha\Documents\Anti-grav\aryntra-pravah\src\main\java\com\aryntra\pravah\peer\discovery\DiscoveryPacket.java","97"
"Discovery","LanPeerDiscovery.java","C:\Users\ragha\Documents\Anti-grav\aryntra-pravah\src\main\java\com\aryntra\pravah\peer\discovery\LanPeerDiscovery.java","221"
"Discovery","PeerDiscoveryListener.java","C:\Users\ragha\Documents\Anti-grav\aryntra-pravah\src\main\java\com\aryntra\pravah\peer\discovery\PeerDiscoveryListener.java","15"
"Discovery","DiscoveryPacketTest.java","C:\Users\ragha\Documents\Anti-grav\aryntra-pravah\src\test\java\com\aryntra\pravah\peer\discovery\DiscoveryPacketTest.java","149"
"Discovery","HybridDiscoveryTest.java","C:\Users\ragha\Documents\Anti-grav\aryntra-pravah\src\test\java\com\aryntra\pravah\peer\discovery\HybridDiscoveryTest.java","150"
"Discovery","LanPeerDiscoveryTest.java","C:\Users\ragha\Documents\Anti-grav\aryntra-pravah\src\test\java\com\aryntra\pravah\peer\discovery\LanPeerDiscoveryTest.java","95"
"DiscoveredAddress","DiscoveredAddressCandidate.java","C:\Users\ragha\Documents\Anti-grav\aryntra-pravah\src\main\java\com\aryntra\pravah\peer\discovery\DiscoveredAddressCandidate.java","53"
"Candidate","DiscoveredAddressCandidate.java","C:\Users\ragha\Documents\Anti-grav\aryntra-pravah\src\main\java\com\aryntra\pravah\peer\discovery\DiscoveredAddressCandidate.java","53"
"DiagnosticState","DiagnosticState.kt","C:\Users\ragha\Documents\Anti-grav\aryntra-pravah\android\app\src\main\java\com\aryntra\pravah\android\state\DiagnosticState.kt","54"
"DiagnosticModelMapper","DiagnosticModelMapper.kt","C:\Users\ragha\Documents\Anti-grav\aryntra-pravah\android\app\src\main\java\com\aryntra\pravah\android\state\DiagnosticModelMapper.kt","121"
"DiagnosticModelMapper","DiagnosticModelMapperTest.kt","C:\Users\ragha\Documents\Anti-grav\aryntra-pravah\android\app\src\test\java\com\aryntra\pravah\android\state\DiagnosticModelMapperTest.kt","45"
"DiagnosticActivity","DiagnosticActivity.kt","C:\Users\ragha\Documents\Anti-grav\aryntra-pravah\android\app\src\main\java\com\aryntra\pravah\android\DiagnosticActivity.kt","340"
